주택형,층구분,세대수,대지비,건축비,부가세,공급금액계,계약금1차,계약금2차,중도금회차별,잔금
84A,5층,2,288150240,514049760,0,802200000,10000000,30110000,80220000,280770000
84A,6~10층,8,291311200,519688800,0,811000000,10000000,30550000,81100000,283850000
84A,5층,1,282403040,503796960,0,786200000,10000000,29310000,78620000,275170000
84A,6~10층,5,285456240,509243760,0,794700000,10000000,29735000,79470000,278145000
84A,11~15층,14,294436240,525263760,0,819700000,10000000,30985000,81970000,286895000
84A,16~20층,12,300686320,536413680,0,837100000,10000000,31855000,83710000,292985000
84A,21~25층,13,306972320,547627680,0,854600000,10000000,32730000,85460000,299110000
84A,26~30층,13,313222400,558777600,0,872000000,10000000,33600000,87200000,305200000
84A,31~35층,15,316347440,564352560,0,880700000,10000000,34035000,88070000,308245000
84A,36~40층,15,319472480,569927520,0,889400000,10000000,34470000,88940000,311290000
84A,41~43층,5,328883520,586716480,0,915600000,10000000,35780000,91560000,320460000
84B,4층,1,273387120,487712880,0,761100000,10000000,28055000,76110000,266385000
84B,5층,1,276404400,493095600,0,769500000,10000000,28475000,76950000,269325000
84B,6~10층,4,279385760,498414240,0,777800000,10000000,28890000,77780000,272230000
84B,4층,2,277553840,495146160,0,772700000,10000000,28635000,77270000,270445000
84B,5층,2,280607040,500592960,0,781200000,10000000,29060000,78120000,273420000
84B,6~10층,9,283660240,506039760,0,789700000,10000000,29485000,78970000,276395000
84B,11~15층,13,286713440,511486560,0,798200000,10000000,29910000,79820000,279370000
84B,16~20층,11,292783920,522316080,0,815100000,10000000,30755000,81510000,285285000
84B,21~25층,13,298890320,533209680,0,832100000,10000000,31605000,83210000,291235000
84B,26~30층,14,304996720,544103280,0,849100000,10000000,32455000,84910000,297185000
84B,31~35층,15,308049920,549550080,0,857600000,10000000,32880000,85760000,300160000
84B,36~40층,15,311103120,554996880,0,866100000,10000000,33305000,86610000,303135000
84B,41~42층,6,320262720,571337280,0,891600000,10000000,34580000,89160000,312060000
84C,3층,1,277841200,495658800,0,773500000,10000000,28675000,77350000,270725000
84C,4층,1,280930320,501169680,0,782100000,10000000,29105000,78210000,273735000
84C,5층,1,284019440,506680560,0,790700000,10000000,29535000,79070000,276745000
84C,6~10층,4,287108560,512191440,0,799300000,10000000,29965000,79930000,279755000
84C,11~15층,5,290197680,517702320,0,807900000,10000000,30395000,80790000,282765000
84C,16~20층,4,296375920,528724080,0,825100000,10000000,31255000,82510000,288785000
84C,21~25층,5,302554160,539745840,0,842300000,10000000,32115000,84230000,294805000
84C,26~30층,4,308732400,550767600,0,859500000,10000000,32975000,85950000,300825000
84C,31~35층,5,311821520,556278480,0,868100000,10000000,33405000,86810000,303835000
84C,36~40층,5,314910640,561789360,0,876700000,10000000,33835000,87670000,306845000
84C,41~42층,2,324178000,578322000,0,902500000,10000000,35125000,90250000,315875000
84D,3층,1,277158720,494441280,0,771600000,10000000,28580000,77160000,270060000
84D,4층,2,280211920,499888080,0,780100000,10000000,29005000,78010000,273035000
84D,5층,1,283301040,505398960,0,788700000,10000000,29435000,78870000,276045000
84D,3층,3,266059440,474640560,0,740700000,10000000,27035000,74070000,259245000
84D,4층,4,269004880,479895120,0,748900000,10000000,27445000,74890000,262115000
84D,5층,3,271986240,485213760,0,757200000,10000000,27860000,75720000,265020000
84D,6~10층,18,274931680,490468320,0,765400000,10000000,28270000,76540000,267890000
84D,11~15층,17,277877120,495722880,0,773600000,10000000,28680000,77360000,270760000
84D,16~20층,15,283803920,506296080,0,790100000,10000000,29505000,79010000,276535000
84D,21~25층,18,289694800,516805200,0,806500000,10000000,30325000,80650000,282275000
84D,26~30층,17,295621600,527378400,0,823000000,10000000,31150000,82300000,288050000
84D,31~35층,18,298567040,532632960,0,831200000,10000000,31560000,83120000,290920000
84D,36~40층,19,301548400,537951600,0,839500000,10000000,31975000,83950000,293825000
84D,41~43층,9,310420640,553779360,0,864200000,10000000,33210000,86420000,302470000
84D,6~10층,10,286390160,510909840,0,797300000,10000000,29865000,79730000,279055000
84D,11~15층,9,289479280,516420720,0,805900000,10000000,30295000,80590000,282065000
84D,16~20층,8,295621600,527378400,0,823000000,10000000,31150000,82300000,288050000
84D,21~25층,8,301799840,538400160,0,840200000,10000000,32010000,84020000,294070000
84D,26~30층,10,307942160,549357840,0,857300000,10000000,32865000,85730000,300055000
84D,31~35층,9,311031280,554868720,0,865900000,10000000,33295000,86590000,303065000
84D,36~40층,9,314084480,560315520,0,874400000,10000000,33720000,87440000,306040000
84D,41~43층,5,323351840,576848160,0,900200000,10000000,35010000,90020000,315070000
